/*
Navicat MySQL Data Transfer

Source Server         : 127.0.0.1
Source Server Version : 50505
Source Host           : localhost:3306
Source Database       : ssh_dianying_dingpiao

Target Server Type    : MYSQL
Target Server Version : 50505
File Encoding         : 65001

Date: 2020-02-05 22:31:28
*/

SET FOREIGN_KEY_CHECKS=0;

-- ----------------------------
-- Table structure for `ad`
-- ----------------------------
DROP TABLE IF EXISTS `ad`;
CREATE TABLE `ad` (
  `ad_id` int(10) unsigned NOT NULL AUTO_INCREMENT,
  `ad_img` varchar(200) NOT NULL COMMENT '广告图片',
  `ad_href` varchar(200) NOT NULL COMMENT '广告链接',
  PRIMARY KEY (`ad_id`) USING BTREE
) ENGINE=InnoDB AUTO_INCREMENT=14 DEFAULT CHARSET=utf8;

-- ----------------------------
-- Records of ad
-- ----------------------------
INSERT INTO `ad` VALUES ('1', '/TianRen/uploadAd/31049534581071.gif', 'index.jsp');
INSERT INTO `ad` VALUES ('2', '/TianRen/uploadAd/31068133937134.jpg', '#');
INSERT INTO `ad` VALUES ('3', '/TianRen/uploadAd/31082065944414.jpg', '#');
INSERT INTO `ad` VALUES ('4', '/TianRen/uploadAd/31092724931241.jpg', '#');
INSERT INTO `ad` VALUES ('5', '/TianRen/uploadAd/30266756005861.jpg', '#');
INSERT INTO `ad` VALUES ('6', '/TianRen/uploadAd/30285991327668.gif', '#');
INSERT INTO `ad` VALUES ('7', '/TianRen/uploadAd/30310772714967.gif', '#');
INSERT INTO `ad` VALUES ('8', '/TianRen/uploadAd/30325879688619.gif', '#');
INSERT INTO `ad` VALUES ('9', '/TianRen/uploadAd/30344417896687.gif', '#');
INSERT INTO `ad` VALUES ('10', '/TianRen/uploadAd/10511906147289.jpg', '#');
INSERT INTO `ad` VALUES ('11', '/TianRen/uploadAd/10525635377401.jpg', '#');
INSERT INTO `ad` VALUES ('12', '/TianRen/uploadAd/10545300251288.jpg', '#');
INSERT INTO `ad` VALUES ('13', '/TianRen/uploadAd/10562314750338.jpg', '#');

-- ----------------------------
-- Table structure for `admin`
-- ----------------------------
DROP TABLE IF EXISTS `admin`;
CREATE TABLE `admin` (
  `admin_id` int(10) unsigned NOT NULL AUTO_INCREMENT,
  `admin_name` varchar(45) NOT NULL COMMENT '登录名',
  `admin_pwd` varchar(45) NOT NULL COMMENT '密码',
  `admin_privilege` varchar(45) NOT NULL COMMENT '权限',
  PRIMARY KEY (`admin_id`) USING BTREE
) ENGINE=InnoDB AUTO_INCREMENT=3 DEFAULT CHARSET=utf8;

-- ----------------------------
-- Records of admin
-- ----------------------------
INSERT INTO `admin` VALUES ('1', 'admin', 'admin', '1, 2, 3, 4, 5, 6');
INSERT INTO `admin` VALUES ('2', 'admin1234', 'admin1234', '1, 2, 3, 4');

-- ----------------------------
-- Table structure for `edition`
-- ----------------------------
DROP TABLE IF EXISTS `edition`;
CREATE TABLE `edition` (
  `edition_id` int(10) unsigned NOT NULL AUTO_INCREMENT,
  `edition_name` varchar(45) NOT NULL COMMENT '版本名',
  PRIMARY KEY (`edition_id`) USING BTREE
) ENGINE=InnoDB AUTO_INCREMENT=4 DEFAULT CHARSET=utf8;

-- ----------------------------
-- Records of edition
-- ----------------------------
INSERT INTO `edition` VALUES ('1', 'IMAX');
INSERT INTO `edition` VALUES ('2', '2D');
INSERT INTO `edition` VALUES ('3', '3D');

-- ----------------------------
-- Table structure for `kind`
-- ----------------------------
DROP TABLE IF EXISTS `kind`;
CREATE TABLE `kind` (
  `kind_id` int(10) unsigned NOT NULL AUTO_INCREMENT,
  `kind_name` varchar(45) NOT NULL COMMENT '类型名',
  PRIMARY KEY (`kind_id`)
) ENGINE=InnoDB AUTO_INCREMENT=9 DEFAULT CHARSET=utf8;

-- ----------------------------
-- Records of kind
-- ----------------------------
INSERT INTO `kind` VALUES ('1', '爱情');
INSERT INTO `kind` VALUES ('2', '动作');
INSERT INTO `kind` VALUES ('3', '科幻');
INSERT INTO `kind` VALUES ('4', '喜剧');
INSERT INTO `kind` VALUES ('5', '惊悚');
INSERT INTO `kind` VALUES ('6', '剧情');
INSERT INTO `kind` VALUES ('7', '冒险');
INSERT INTO `kind` VALUES ('8', '动画');

-- ----------------------------
-- Table structure for `language`
-- ----------------------------
DROP TABLE IF EXISTS `language`;
CREATE TABLE `language` (
  `language_id` int(10) unsigned NOT NULL AUTO_INCREMENT,
  `language_name` varchar(45) NOT NULL COMMENT '语言名',
  PRIMARY KEY (`language_id`) USING BTREE
) ENGINE=InnoDB AUTO_INCREMENT=3 DEFAULT CHARSET=utf8;

-- ----------------------------
-- Records of language
-- ----------------------------
INSERT INTO `language` VALUES ('1', '中文');
INSERT INTO `language` VALUES ('2', '英文');

-- ----------------------------
-- Table structure for `member`
-- ----------------------------
DROP TABLE IF EXISTS `member`;
CREATE TABLE `member` (
  `member_id` int(10) unsigned NOT NULL AUTO_INCREMENT,
  `member_email` varchar(45) NOT NULL COMMENT '邮箱',
  `member_pwd` varchar(45) NOT NULL COMMENT '密码',
  `member_name` varchar(45) DEFAULT NULL COMMENT '姓名',
  `member_phone` varchar(20) DEFAULT NULL COMMENT '电话',
  `member_money` double DEFAULT NULL COMMENT '金额',
  `member_gender` tinyint(1) DEFAULT NULL COMMENT '性别',
  `member_photo` varchar(200) DEFAULT NULL COMMENT '头像',
  PRIMARY KEY (`member_id`) USING BTREE
) ENGINE=InnoDB AUTO_INCREMENT=7 DEFAULT CHARSET=utf8;

-- ----------------------------
-- Records of member
-- ----------------------------
INSERT INTO `member` VALUES ('1', '123456@qq.com', '123456', '万晓利', null, '9900', '1', '/TianRen/uploadMember/3101930871102.jpg');
INSERT INTO `member` VALUES ('2', '222@222.com', '222222', '付菡', null, '0', '0', '/TianRen/uploadMember/3215358082381.jpg');
INSERT INTO `member` VALUES ('3', '333@333.com', '333333', '张三', '', '0', '1', null);
INSERT INTO `member` VALUES ('4', '444@444.com', '444444', '李四', '', '0', '0', null);
INSERT INTO `member` VALUES ('5', '555@555.com', '555555', '王五', '', '0', '1', null);
INSERT INTO `member` VALUES ('6', '666@666.com', '666666', '赵六', '', '0', '0', null);

-- ----------------------------
-- Table structure for `movie`
-- ----------------------------
DROP TABLE IF EXISTS `movie`;
CREATE TABLE `movie` (
  `movie_id` int(10) unsigned NOT NULL AUTO_INCREMENT,
  `movie_name` varchar(45) NOT NULL COMMENT '名称',
  `movie_director` varchar(45) NOT NULL COMMENT '导演',
  `movie_actor` varchar(45) NOT NULL COMMENT '演员',
  `movie_info` varchar(500) NOT NULL COMMENT '信息',
  `movie_language` int(10) unsigned NOT NULL COMMENT '语言',
  `movie_kind` int(10) unsigned NOT NULL COMMENT '类型',
  `movie_photo` varchar(200) NOT NULL COMMENT '图片',
  `movie_long` int(10) unsigned NOT NULL COMMENT '片长',
  `movie_date` timestamp NOT NULL DEFAULT current_timestamp() COMMENT '上映日期',
  `movie_edition` int(10) unsigned NOT NULL COMMENT '版本',
  PRIMARY KEY (`movie_id`) USING BTREE,
  KEY `FK_movie_language` (`movie_language`) USING BTREE,
  KEY `FK_movie_edition` (`movie_edition`) USING BTREE,
  KEY `FK_movie_kind` (`movie_kind`),
  CONSTRAINT `FK_movie_edition` FOREIGN KEY (`movie_edition`) REFERENCES `edition` (`edition_id`),
  CONSTRAINT `FK_movie_kind` FOREIGN KEY (`movie_kind`) REFERENCES `kind` (`kind_id`),
  CONSTRAINT `FK_movie_language` FOREIGN KEY (`movie_language`) REFERENCES `language` (`language_id`)
) ENGINE=InnoDB AUTO_INCREMENT=43 DEFAULT CHARSET=utf8;

-- ----------------------------
-- Records of movie
-- ----------------------------
INSERT INTO `movie` VALUES ('1', '泰坦尼克号', '詹姆斯．卡梅隆', '莱昂纳多．迪卡普里奥 凯特．温丝莱特 比利．赞恩', '1912年4月10日，号称 “世界工业史上的奇迹”的豪华客轮泰坦尼克号开始了自己的处女航，从英国的南安普顿出发驶往美国纽约。富家少女罗丝（凯特．温丝莱特）与母亲及未婚夫卡尔坐上了头等舱；另一边，放荡不羁的少年画家杰克（莱昂纳多．迪卡普里奥）也在码头的一场赌博中赢得了下等舱的船票。罗丝厌倦了上流社会虚伪的生活，不愿嫁给卡尔，打算投海自尽，被杰克救起。很快，美丽活泼的罗丝与英俊开朗的杰克相爱，杰克带罗 [展开] 丝参加下等舱的舞会、为她画像，二人的感情逐渐升温。1912年4月14日，星期天晚上，一个风平浪静的夜晚。泰坦尼克号撞上了冰山，“永不沉没的”泰坦尼克号面临沉船的命运，罗丝和杰克刚萌芽的爱情也将经历生死的考验。', '2', '1', '/TianRen/uploadMovie/20770421364447.jpg', '194', '2019-07-10 00:00:00', '3');
INSERT INTO `movie` VALUES ('2', '诸神之怒', '乔纳森．理贝斯曼', '萨姆．沃辛顿 连姆．尼森 拉尔夫．费因斯', '《诸神之怒》在剧情上将承接第一部的故事线索，不甘心失败的哈迪斯卷土重来，联合宙斯之子“战神”阿瑞斯与宙斯的生父、泰坦之王克洛诺斯达成秘密协议，谋划活捉宙斯。面对危机，珀尔修斯不得不再一次肩负起拯救人类与众神的使命，与“海神”波塞冬的儿子阿基纳、被贬人间的“火神”赫淮斯托斯一同前往冥界解救宙斯。', '2', '2', '/TianRen/uploadMovie/21194731492410.jpg', '120', '2012-03-30 00:00:00', '1');
INSERT INTO `movie` VALUES ('3', '异星战场', '安德鲁．斯坦顿', '泰勒．克奇 威廉．达福 琳恩．柯林斯', '曾荣获奥斯卡金像奖的著名导演安德鲁．斯坦顿带来全新力作《异星战场》，一部以神秘壮丽的火星为背景的史诗动作冒险巨制。影片根据埃德加．赖斯．巴勒斯于20世纪初创作的经典科幻小说《火星公主》改编，故事讲述美国内战时期，饱受创伤的前军官约翰．卡特（泰勒．克奇饰）无意间穿越到了火星。由于引力不同，约翰成为了力大无穷、弹跳如飞的“超人”，也因此卷入当地几大族群的冲突，周旋于美丽的公主德佳．索丽斯（琳恩．柯林斯 [展开] 饰），英勇的盟友塔斯．塔卡斯（威廉．达福饰）与狡猾的敌人萨博．赞恩之间。然而地球上战火纷飞带来的痛苦，早已让约翰无心恋战；虽然几大族群都将他视为能够拯救火星的关键人物，可他真的能抛下过去，担负起保卫人民的重任，拯救这个水深火热的世界，扭转异星战场的命运吗？', '2', '3', '/TianRen/uploadMovie/19543813514287.jpg', '132', '2012-03-16 00:00:00', '1');
INSERT INTO `movie` VALUES ('4', '异星战场', '安德鲁．斯坦顿', '泰勒．克奇 威廉．达福 琳恩．柯林斯', '曾荣获奥斯卡金像奖的著名导演安德鲁．斯坦顿带来全新力作《异星战场》，一部以神秘壮丽的火星为背景的史诗动作冒险巨制。影片根据埃德加．赖斯．巴勒斯于20世纪初创作的经典科幻小说《火星公主》改编，故事讲述美国内战时期，饱受创伤的前军官约翰．卡特（泰勒．克奇饰）无意间穿越到了火星。由于引力不同，约翰成为了力大无穷、弹跳如飞的“超人”，也因此卷入当地几大族群的冲突，周旋于美丽的公主德佳．索丽斯（琳恩．柯林斯 [展开] 饰），英勇的盟友塔斯．塔卡斯（威廉．达福饰）与狡猾的敌人萨博．赞恩之间。然而地球上战火纷飞带来的痛苦，早已让约翰无心恋战；虽然几大族群都将他视为能够拯救火星的关键人物，可他真的能抛下过去，担负起保卫人民的重任，拯救这个水深火热的世界，扭转异星战场的命运吗？', '2', '3', '/TianRen/uploadMovie/19543813514287.jpg', '132', '2012-03-16 00:00:00', '3');
INSERT INTO `movie` VALUES ('5', '车在囧途', '华原 鲍积明', '郭德纲 许绍洋 张馨予', '《车在囧途》讲述了“吝啬富商”郭德纲和张馨予、王一楠、许绍洋四个人因为不同的个人目的团购了一辆“车”，从而引发了一系列“囧”事。', '1', '4', '/TianRen/uploadMovie/3173482910816.jpg', '90', '2019-07-01 00:00:00', '2');
INSERT INTO `movie` VALUES ('6', '春娇与志明', '彭浩翔', '余文乐 杨千嬅 杨幂', '志明（余文乐饰）与春娇（杨千嬅饰）成为恋人后，很快两人在邂逅时的激情，已被彼此回异的价值观渐渐冲淡。两人也要忍受对方的缺点，恋情进入冷静期。此时二人分别被上司派到北京公干，志明遇到空中小姐尚优优（杨幂饰），她身材玲珑浮凸、温柔体贴；春娇亦意外认识成熟稳重的SAM（徐峥饰），在生活细节上照顾得她无微不至。但当春娇与志明竟在北京再次重遇时，早前冷却的爱火又重燃，二人藕断丝连，不知如何抉择。', '1', '1', '/TianRen/uploadMovie/3446980622956.jpg', '114', '2012-03-30 00:00:00', '2');
INSERT INTO `movie` VALUES ('7', '复仇者联盟', '乔斯．韦登', '克里斯．埃文斯 小罗伯特．唐尼 克里斯．海姆斯沃斯', '美国队长在被冰封数年后，终于苏醒过来了。这个世界已经不再是他过去所熟悉的样子，各类型的邪恶对手层出不穷，整个社会动荡不安，单靠一个人的力量已无法拯救世界。于是美国队长、钢铁侠、雷神、绿巨人等超级英雄聚集在一起，组成史上最强大的“复仇者”团队，共同惩恶扬善，为和平而战。', '1', '3', '/TianRen/uploadMovie/1868648113656.jpg', '142', '2019-07-05 00:00:00', '1');
INSERT INTO `movie` VALUES ('8', '复仇者联盟', '乔斯．韦登', '克里斯．埃文斯 小罗伯特．唐尼 克里斯．海姆斯沃斯', '美国队长在被冰封数年后，终于苏醒过来了。这个世界已经不再是他过去所熟悉的样子，各类型的邪恶对手层出不穷，整个社会动荡不安，单靠一个人的力量已无法拯救世界。于是美国队长、钢铁侠、雷神、绿巨人等超级英雄聚集在一起，组成史上最强大的“复仇者”团队，共同惩恶扬善，为和平而战。', '2', '3', '/TianRen/uploadMovie/1868648113656.jpg', '142', '2019-07-05 00:00:00', '1');
INSERT INTO `movie` VALUES ('9', '迈阿密行动', '弗雷德里克．贝思', '梅兰妮．杜迪 凯德．麦拉德 Nick Simmons', '亚瑟遭到相恋五年女友的突然劈腿，难以接受事实的他决定远赴千里赶往迈阿密阻止她的婚礼。不料在机场阴差阳错的被女飞贼艾米丽缠上，艾米丽身怀绝技、专偷名画的女贼艾米丽盗走了一幅价值不菲的名画，为了躲避警察的搜查，将偷取的名画放入了亚瑟的行李包中。一路上艾米丽千方百计想取回名画，却一路被跟踪而来的警察扰乱计划，无辜的亚瑟也被误认为是同伙，阻止前女友婚礼的计划眼看要泡汤，“绝顶”衰男亚瑟不得不与绝色神偷共同 [展开] 进退，一路浪漫逃亡。', '1', '4', '/TianRen/uploadMovie/2060310962147.jpg', '88', '2019-07-12 00:00:00', '2');
INSERT INTO `movie` VALUES ('10', '纽约行动', '艾萨克．佛罗伦汀', '斯科特．阿金斯 伊原刚志 肘井美佳', '在一个随时都在被人追杀的陌生国度，凯西得到师傅的重托带着传说中的神秘武器来到纽约。师傅最终惨遭杀害，为了替师报仇，也为了解开宝物的真相，凯西开始通过仅有的一点点线索去寻求幕后的黑手。当他一点点拨云见日，了解到了这个幕后黑手原来是一个国际化的地下暗杀组织，并且这个暗杀组织的得力杀手是他的同门师兄时，凯西惊愕使然，他不愿意面对眼前的这一切。他坚信师兄是被人利用，这个组织的背后肯定还隐藏着更大的阴谋…… \r\n', '1', '2', '/TianRen/uploadMovie/2227777721749.jpg', '86', '2019-07-13 00:00:00', '2');
INSERT INTO `movie` VALUES ('11', '纽约行动', '艾萨克．佛罗伦汀', '斯科特．阿金斯 伊原刚志 肘井美佳', '在一个随时都在被人追杀的陌生国度，凯西得到师傅的重托带着传说中的神秘武器来到纽约。师傅最终惨遭杀害，为了替师报仇，也为了解开宝物的真相，凯西开始通过仅有的一点点线索去寻求幕后的黑手。当他一点点拨云见日，了解到了这个幕后黑手原来是一个国际化的地下暗杀组织，并且这个暗杀组织的得力杀手是他的同门师兄时，凯西惊愕使然，他不愿意面对眼前的这一切。他坚信师兄是被人利用，这个组织的背后肯定还隐藏着更大的阴谋…… \r\n', '2', '2', '/TianRen/uploadMovie/2227777721749.jpg', '86', '2019-07-13 00:00:00', '2');
INSERT INTO `movie` VALUES ('12', '黄金大劫案', '宁浩', '陶虹 黄渤 孙淳', '为了神秘的八吨黄金，各类人物：混世小太岁雷佳音、金镖十三郎郭涛、满洲第一影后小陶虹、代庖神父范伟、富家千金程媛媛，粉墨登场；各方势力：日本侵略军、外国公使、野鸡军团、神秘剧组、黑心包租婆，明争暗斗。疯狂一触即发，酿成惊天大案！谁敌谁友？谁明谁暗？谁生谁死？在一个重兵把守，炮弹都炸不开的金库里，八吨黄金如何被劫走，成为了最大的悬念。', '1', '4', '/TianRen/uploadMovie/2353125438288.jpg', '108', '2019-07-24 00:00:00', '1');
INSERT INTO `movie` VALUES ('13', '黑衣人3', '巴里．索南菲尔德', '威尔．史密斯 乔什．布洛林 汤米．李．琼斯', '影片主要讲述了反派角色Yaz想要回到过去杀死Kay探员，随之发生了一系列难以想象的事件。威尔．史密斯扮演的Jay探员也回到了1969年，与年轻时代的Kay执行任务，共同阻止Yaz毁灭这个世界。', '1', '3', '/TianRen/uploadMovie/2501962316439.jpg', '120', '2019-07-25 00:00:00', '1');
INSERT INTO `movie` VALUES ('14', '黑衣人3', '巴里．索南菲尔德', '威尔．史密斯 乔什．布洛林 汤米．李．琼斯', '影片主要讲述了反派角色Yaz想要回到过去杀死Kay探员，随之发生了一系列难以想象的事件。威尔．史密斯扮演的Jay探员也回到了1969年，与年轻时代的Kay执行任务，共同阻止Yaz毁灭这个世界。', '2', '3', '/TianRen/uploadMovie/2501962316439.jpg', '120', '2019-07-25 00:00:00', '1');
INSERT INTO `movie` VALUES ('15', '飞越老人院', '张杨', '许还山 吴天明 李滨', '故事发生在一个民营的老人院里，老葛（许还山 饰）和其他老人的生活像一潭死水，无论谁踏进这里，都会闻到一股死亡的气息，直到有一天，老葛的朋友老周（吴天明 饰）也加入到他们当中。老周乐观开朗、幽默大方。为了令自杀未遂的老葛振作，同时也让其他老人不再浑浑噩噩地过日子，他组织大 家做更有意义的事情，借助老人 们喜欢的电视节目，唤醒大家沉睡的勇气和参与精神，组织大家一起排练节目去北京参加比赛。老人们充满热情 [展开] 地集体排练、在排练中相互逗趣、设计逃离老人院，驾车“飞越”驰骋公路。人生的热情再一次被点燃，生命的层层意义也被逐步揭开……等到如愿以偿登上了梦想的舞台，但他们谁也不知道，外表健康、乐观幽默的老周已经到了生命的终点……', '1', '1', '/TianRen/uploadMovie/2598178304225.jpg', '100', '2019-07-08 00:00:00', '1');
INSERT INTO `movie` VALUES ('16', '三个火枪手', '保罗．安德森', '罗根．勒曼 米拉．乔沃维奇 奥兰多．布鲁姆', '《三个火枪手》以17世纪法国天主教和新教争斗为历史背景，讲述了达达尼昂和他三个火枪手伙伴为解救王后冲破大主教所设下的重重罗网，最终保全了王后的名誉的故事。', '1', '2', '/TianRen/uploadMovie/2757109899721.jpg', '110', '2019-07-10 00:00:00', '1');
INSERT INTO `movie` VALUES ('17', '三个火枪手', '保罗．安德森', '罗根．勒曼 米拉．乔沃维奇 奥兰多．布鲁姆', '《三个火枪手》以17世纪法国天主教和新教争斗为历史背景，讲述了达达尼昂和他三个火枪手伙伴为解救王后冲破大主教所设下的重重罗网，最终保全了王后的名誉的故事。', '1', '2', '/TianRen/uploadMovie/2757109899721.jpg', '110', '2019-07-10 00:00:00', '2');
INSERT INTO `movie` VALUES ('18', '三个火枪手', '保罗．安德森', '罗根．勒曼 米拉．乔沃维奇 奥兰多．布鲁姆', '《三个火枪手》以17世纪法国天主教和新教争斗为历史背景，讲述了达达尼昂和他三个火枪手伙伴为解救王后冲破大主教所设下的重重罗网，最终保全了王后的名誉的故事。', '1', '2', '/TianRen/uploadMovie/2757109899721.jpg', '110', '2019-07-10 00:00:00', '3');
INSERT INTO `movie` VALUES ('19', '三个火枪手', '保罗．安德森', '罗根．勒曼 米拉．乔沃维奇 奥兰多．布鲁姆', '《三个火枪手》以17世纪法国天主教和新教争斗为历史背景，讲述了达达尼昂和他三个火枪手伙伴为解救王后冲破大主教所设下的重重罗网，最终保全了王后的名誉的故事。', '2', '2', '/TianRen/uploadMovie/2757109899721.jpg', '110', '2019-07-10 00:00:00', '1');
INSERT INTO `movie` VALUES ('20', '三个火枪手', '保罗．安德森', '罗根．勒曼 米拉．乔沃维奇 奥兰多．布鲁姆', '《三个火枪手》以17世纪法国天主教和新教争斗为历史背景，讲述了达达尼昂和他三个火枪手伙伴为解救王后冲破大主教所设下的重重罗网，最终保全了王后的名誉的故事。', '2', '2', '/TianRen/uploadMovie/2757109899721.jpg', '110', '2019-07-10 00:00:00', '2');
INSERT INTO `movie` VALUES ('21', '三个火枪手', '保罗．安德森', '罗根．勒曼 米拉．乔沃维奇 奥兰多．布鲁姆', '《三个火枪手》以17世纪法国天主教和新教争斗为历史背景，讲述了达达尼昂和他三个火枪手伙伴为解救王后冲破大主教所设下的重重罗网，最终保全了王后的名誉的故事。', '2', '2', '/TianRen/uploadMovie/2757109899721.jpg', '110', '2019-07-10 00:00:00', '3');
INSERT INTO `movie` VALUES ('22', '蝙蝠侠前传3：黑暗骑士崛起', '克里斯托弗．诺兰', '克里斯蒂安．贝尔 汤姆．哈迪 安妮．海瑟薇', '本片是由克里斯托弗．诺兰执导的“蝙蝠侠”系列三部曲的最终章。前两部分别是2005年的《蝙蝠侠：开战时刻》和2008年的《蝙蝠侠：黑暗骑士》。此片为2008年暑期上映的美国大片《蝙蝠侠：黑暗骑士》的续集，主演和导演等仍是原班人马，并且新增了只存在于漫画动画版中的人物：毒药Bane（汤姆．哈迪饰），猫女Selina Kyle（安妮．海瑟薇饰）等等！本片延续《黑暗骑士》的质感和风格，运用IMAX摄影机进 [展开] 行拍摄，并计划于2012年7月20日进行全球公映。', '1', '2', '/TianRen/uploadMovie/3913470456999.jpg', '120', '2019-07-20 00:00:00', '1');
INSERT INTO `movie` VALUES ('23', '蝙蝠侠前传3：黑暗骑士崛起', '克里斯托弗．诺兰', '克里斯蒂安．贝尔 汤姆．哈迪 安妮．海瑟薇', '本片是由克里斯托弗．诺兰执导的“蝙蝠侠”系列三部曲的最终章。前两部分别是2005年的《蝙蝠侠：开战时刻》和2008年的《蝙蝠侠：黑暗骑士》。此片为2008年暑期上映的美国大片《蝙蝠侠：黑暗骑士》的续集，主演和导演等仍是原班人马，并且新增了只存在于漫画动画版中的人物：毒药Bane（汤姆．哈迪饰），猫女Selina Kyle（安妮．海瑟薇饰）等等！本片延续《黑暗骑士》的质感和风格，运用IMAX摄影机进 [展开] 行拍摄，并计划于2012年7月20日进行全球公映。', '2', '2', '/TianRen/uploadMovie/3913470456999.jpg', '120', '2019-07-20 00:00:00', '1');
INSERT INTO `movie` VALUES ('24', '普罗旺斯惊魂记', '朱利安．拉孔布 帕斯卡尔．西德', '蕾蒂莎．科斯塔 蒂埃里．钮维 罗杰．杜马斯', '1922的法国，没有战争的侵扰，显得静谧而美好。苏珊娜，一个年轻、著名的小说家因为缺少灵感而异常苦恼。为了寻找到自己心中的“缪斯”，她跑到了祥和的乡下，咬把自己孤立起来。在这里，她住在一栋巨大的房子里，准备静心写自己的小说。这栋房子大而诡秘，到处都是形形色色的房间。在打开了一个被封起来的房间之后，苏珊娜把自己的“创作基地”放在了这里。说来奇怪，本来文思枯竭的苏珊娜只要一坐在这个房间的桌子前便会文如 [展开] 泉涌。伴着打字机噼里啪啦的声响，苏珊娜的小说进展得很顺利，可是小说写得越好，苏珊娜的精神状况就越差。她开始不断地出现幻听和幻视。而且在午夜时分，她还会做噩梦。似乎那本正在被顺利创作的小说已经成为了她的梦魇。事情不止于此，村庄里接连失踪了几个小女孩，村民开始恐慌，而发生在苏珊娜和她周围的怪事也越来越多。', '1', '5', '/TianRen/uploadMovie/4274239434620.jpg', '90', '2019-07-18 00:00:00', '1');
INSERT INTO `movie` VALUES ('25', '普罗旺斯惊魂记', '朱利安．拉孔布 帕斯卡尔．西德', '蕾蒂莎．科斯塔 蒂埃里．钮维 罗杰．杜马斯', '1922的法国，没有战争的侵扰，显得静谧而美好。苏珊娜，一个年轻、著名的小说家因为缺少灵感而异常苦恼。为了寻找到自己心中的“缪斯”，她跑到了祥和的乡下，咬把自己孤立起来。在这里，她住在一栋巨大的房子里，准备静心写自己的小说。这栋房子大而诡秘，到处都是形形色色的房间。在打开了一个被封起来的房间之后，苏珊娜把自己的“创作基地”放在了这里。说来奇怪，本来文思枯竭的苏珊娜只要一坐在这个房间的桌子前便会文如 [展开] 泉涌。伴着打字机噼里啪啦的声响，苏珊娜的小说进展得很顺利，可是小说写得越好，苏珊娜的精神状况就越差。她开始不断地出现幻听和幻视。而且在午夜时分，她还会做噩梦。似乎那本正在被顺利创作的小说已经成为了她的梦魇。事情不止于此，村庄里接连失踪了几个小女孩，村民开始恐慌，而发生在苏珊娜和她周围的怪事也越来越多。', '1', '5', '/TianRen/uploadMovie/4274239434620.jpg', '90', '2019-07-18 00:00:00', '3');
INSERT INTO `movie` VALUES ('26', '灵魂战车2：复仇时刻', '马克．耐沃尔代 布莱恩．泰勒', '尼古拉斯．凯奇 伊德瑞斯．艾尔巴 塞伦．希德', '约翰．布雷斯被正义天使拉萨罗斯附体，但天使暴躁乖戾，遇到坏人就要吸取他们的灵魂。莫罗请求布雷斯把小孩丹尼带来神殿以避免恶魔夺取他的灵魂，作为回报他将驱除布雷斯身上的诅咒。丹尼是魔鬼罗尔科的儿子，罗尔科为了把自己的魔力植入儿子体内正派卡里跟追踪逃跑途中的母子两人。正当母子倆被困在采石场的时候，布雷斯到来，他体内的天使爆发了出来，压制住了卡里根。他变成了恶灵骑士，毫不手软的把对手撕成碎片。当战争结束时 [展开] ，三人前往神殿，同时，罗尔科也救醒了死亡边缘的卡里根，并赋予他更可怕的摧毁力，让他再去把丹尼找回来。在神殿里，莫罗履行协议把布雷斯体内的扎萨罗斯驱赶了出来。但正当他做法时，神殿的牧师试图杀死丹尼 — 他认为丹尼就是恶魔。还没等他们行动，卡里根就到了。把丹尼带去见了罗尔科。罗尔科逼迫丹尼参与一个仪式，想使他变成一个彻头彻尾的恶魔。布雷斯试图阻止这个仪式，说服丹尼弃恶从善。在最后一战中，为了打败恶魔，丹尼用了他的力量把扎萨罗斯再次植入布雷斯体内。这次扎萨罗斯变成了正义的化身，打败了恶魔。', '1', '2', '/TianRen/uploadMovie/4419555931549.jpg', '95', '2019-07-20 00:00:00', '1');
INSERT INTO `movie` VALUES ('27', '灵魂战车2：复仇时刻', '马克．耐沃尔代 布莱恩．泰勒', '尼古拉斯．凯奇 伊德瑞斯．艾尔巴 塞伦．希德', '约翰．布雷斯被正义天使拉萨罗斯附体，但天使暴躁乖戾，遇到坏人就要吸取他们的灵魂。莫罗请求布雷斯把小孩丹尼带来神殿以避免恶魔夺取他的灵魂，作为回报他将驱除布雷斯身上的诅咒。丹尼是魔鬼罗尔科的儿子，罗尔科为了把自己的魔力植入儿子体内正派卡里跟追踪逃跑途中的母子两人。正当母子倆被困在采石场的时候，布雷斯到来，他体内的天使爆发了出来，压制住了卡里根。他变成了恶灵骑士，毫不手软的把对手撕成碎片。当战争结束时 [展开] ，三人前往神殿，同时，罗尔科也救醒了死亡边缘的卡里根，并赋予他更可怕的摧毁力，让他再去把丹尼找回来。在神殿里，莫罗履行协议把布雷斯体内的扎萨罗斯驱赶了出来。但正当他做法时，神殿的牧师试图杀死丹尼 — 他认为丹尼就是恶魔。还没等他们行动，卡里根就到了。把丹尼带去见了罗尔科。罗尔科逼迫丹尼参与一个仪式，想使他变成一个彻头彻尾的恶魔。布雷斯试图阻止这个仪式，说服丹尼弃恶从善。在最后一战中，为了打败恶魔，丹尼用了他的力量把扎萨罗斯再次植入布雷斯体内。这次扎萨罗斯变成了正义的化身，打败了恶魔。', '2', '2', '/TianRen/uploadMovie/4419555931549.jpg', '95', '2019-07-20 00:00:00', '1');
INSERT INTO `movie` VALUES ('28', '绣花鞋', '叶伟民', '林心如 莫小棋 叶熙祺', '1948年的某江南水乡，壮年男子都被征去当兵，剩下的都是有残疾的男人及老弱妇孺。车夫丁大山在破庙的离奇死亡打破了这个水乡的平静，从现在遗留的六寸半鞋印及一只绣花鞋来看，疑凶的焦点落在了以刺绣闻名的苏二身上。传统守旧的乡绅带领乡民疯狂地将苏二处以极刑，遗下苏二一双未成年的儿女绝望无助。可是自此之后，水乡接二连三发生命案，先是编猪笼的程南之妻被竹片穿心而死，接着又有乡绅离奇死亡，更有甚者看见苏二在夜晚 [展开] 的水乡飘然出现，到底背后的真相是什么……？', '1', '5', '/TianRen/uploadMovie/2406304622794.jpg', '100', '2012-03-31 00:00:00', '1');
INSERT INTO `movie` VALUES ('29', '杀生', '管虎', '黄渤 任达华 余男', '中国西南、与世隔绝、群山环抱中有个寨子，是个人皆长寿、规矩自成之地，清时皇帝赐名“长寿镇”。某日突爆传染病，地方官派医生前往诊治，他在镇子外发现奄奄一息的牛结实。进寨后，往日温厚的村民一反常态，不仅对牛结实拒施援手、避若瘟疫，更迁怒于医生多管闲事，老镇长亲自带着长寿镇医生和接生婆、油漆匠，老族长等人千万百计的阻挠医生对牛结实的救援，牛结实最终没能被救活，医生也找不到此人暴毙的原因。镇民们对医生的不 [展开] 欢迎不合作态度，令医生很沮丧，正当他准备离开的时候，无意中发现了一个被全镇民众一起隐藏在山崖上的一个秘密，带着重重疑惑医生决定暗中走访长寿镇，直到他偶遇一个男孩，长寿镇迷案的真相才一步步揭开……', '1', '4', '/TianRen/uploadMovie/2641939454595.jpg', '111', '2019-07-28 00:00:00', '1');
INSERT INTO `movie` VALUES ('30', '人狼大战', '乔．卡纳汉', '连姆．尼森 达拉斯．罗伯特斯 弗兰克．格里罗', '冰天雪地极度严寒的阿拉斯加荒原，来自各地的杀人犯等非法之徒加入某石油公司，在这个蛮荒之地辛苦作业。约翰．奥特维（连姆．尼森 Liam Neeson 饰）是这家公司的守护猎人，专门负责猎杀野狼以使工人灭受残害。他日夜思念妻子，余生早已了无所望。某天，他和工人们乘坐的飞机遭受空难，当他再次醒来时，发现自己正置身在暴雪纷飞的冰原。与之一同侥幸逃生的汉德里克（Dallas Roberts 饰）、迪亚兹（F [展开] rank Grillo 饰）、博克（Nonso Anozie 饰）、塔尔盖特（Dermot Mulroney 饰）、弗兰纳瑞（Joe Anderson 饰）以及赫南德兹（Ben Bray 饰）等6人。虽然暂时逃生，但在救援迟迟不曾到来的危机时刻，他们的生命依然受到威胁。性格各异的7名幸存者，即将踏上似乎永无止境的求生之路……', '1', '2', '/TianRen/uploadMovie/2720095009281.jpg', '96', '2019-07-18 00:00:00', '1');
INSERT INTO `movie` VALUES ('31', '人狼大战', '乔．卡纳汉', '连姆．尼森 达拉斯．罗伯特斯 弗兰克．格里罗', '冰天雪地极度严寒的阿拉斯加荒原，来自各地的杀人犯等非法之徒加入某石油公司，在这个蛮荒之地辛苦作业。约翰．奥特维（连姆．尼森 Liam Neeson 饰）是这家公司的守护猎人，专门负责猎杀野狼以使工人灭受残害。他日夜思念妻子，余生早已了无所望。某天，他和工人们乘坐的飞机遭受空难，当他再次醒来时，发现自己正置身在暴雪纷飞的冰原。与之一同侥幸逃生的汉德里克（Dallas Roberts 饰）、迪亚兹（F [展开] rank Grillo 饰）、博克（Nonso Anozie 饰）、塔尔盖特（Dermot Mulroney 饰）、弗兰纳瑞（Joe Anderson 饰）以及赫南德兹（Ben Bray 饰）等6人。虽然暂时逃生，但在救援迟迟不曾到来的危机时刻，他们的生命依然受到威胁。性格各异的7名幸存者，即将踏上似乎永无止境的求生之路……', '2', '2', '/TianRen/uploadMovie/2720095009281.jpg', '96', '2019-07-18 00:00:00', '1');
INSERT INTO `movie` VALUES ('32', '与妻书', '王小列', '许晴 佟大为 李子雄', '女演员夏珊拍戏遇车祸。昏迷的冥冥中，因极度入戏，竟与剧中人物进行灵魂对话。因她在戏中扮演革命志士林觉民的爱妻陈意映，先人的壮怀悲情，如强力的灵魂意志，让她对革命、对理想、对自己现今的种种迷思都在一种流动意识中浮沉过滤。烈士遗书感召，甚至使她宛若身临其境，并最终苏醒。', '1', '1', '/TianRen/uploadMovie/2855023321958.jpg', '90', '2019-07-04 00:00:00', '1');
INSERT INTO `movie` VALUES ('33', '星星的孩子', '陈苗', '朱江迪 梁静 金宏', '影片主要讲述了内蒙古托县少妇梁铮铮，有个7岁的自闭症儿子新新，丈夫为此离家南下广东东莞打工。梁铮铮带着儿子千里迢迢寻找丈夫，引出来一段情与法冲突，感人至深的故事。', '1', '6', '/TianRen/uploadMovie/28019354367664.jpg', '90', '2019-07-08 00:00:00', '1');
INSERT INTO `movie` VALUES ('34', '雨果', '马丁．斯科塞斯', '阿沙．巴特菲尔德 科洛．莫瑞兹 本．金斯利', '小男孩雨果（阿沙．巴特菲尔德 Asa Butterfield 饰）天生机械控。他寄宿巴黎火车站钟楼，偶尔会去玩具店偷些零件，用来修补父亲（裘德．洛 Jude Law 饰）留下的机器人。一次行窃，他被店主乔治．梅里埃（本．金斯利 Ben Kingsley 饰）当场抓获，因 忌惮带猎狗的巡警（萨莎．拜伦．科恩 Sacha Baron Cohen 饰）只得就范。乔治拿走了雨果父亲的遗物——一本机械手册， [展开] 令他心急如焚，他尾随至乔治家中，结识了养女伊莎贝拉（科洛．莫瑞兹 Chlo Moretz 饰），他恳求她帮自己保住手册。而伊莎贝拉则觉得此事蹊跷，于是两人结伴探秘。修好的机器人作画的落款却显示乔治的名字，让他们疑心顿起。终于他们发现了乔治家中装满画作的神秘柜子，并在图书馆的电影书籍中发现了乔治的身世。一位知情人的显身，让他们的奇幻冒险更添神秘…… ', '1', '7', '/TianRen/uploadMovie/8685849737885.jpg', '126', '2019-07-31 00:00:00', '3');
INSERT INTO `movie` VALUES ('35', '马达加斯加3', '康拉德．弗农 埃里克．达尼尔', '本．斯蒂勒 贾达．萍克．史密斯 克里斯．洛克', '《马达加斯加3》讲述狮子亚利克斯、斑马马蒂、长颈鹿麦尔曼以及河马格洛丽亚不惜一切想要回到纽约。狐猴朱利恩、莫里斯以及企鹅们也依然伴随左右。不过，他们在欧洲没少惹麻烦，被人各种围追堵截，直到他们找到了一个完美的掩护：一支在欧洲巡演的马戏团，在那里，几位是如鱼得水，他们“马达加斯加”式的欢闹作风终于有了用武之地。 ', '1', '4', '/TianRen/uploadMovie/8963113614719.jpg', '100', '2019-07-08 00:00:00', '3');
INSERT INTO `movie` VALUES ('36', '马达加斯加3', '康拉德．弗农 埃里克．达尼尔', '本．斯蒂勒 贾达．萍克．史密斯 克里斯．洛克', '《马达加斯加3》讲述狮子亚利克斯、斑马马蒂、长颈鹿麦尔曼以及河马格洛丽亚不惜一切想要回到纽约。狐猴朱利恩、莫里斯以及企鹅们也依然伴随左右。不过，他们在欧洲没少惹麻烦，被人各种围追堵截，直到他们找到了一个完美的掩护：一支在欧洲巡演的马戏团，在那里，几位是如鱼得水，他们“马达加斯加”式的欢闹作风终于有了用武之地。 ', '2', '4', '/TianRen/uploadMovie/8963113614719.jpg', '100', '2019-07-08 00:00:00', '3');
INSERT INTO `movie` VALUES ('37', '画皮Ⅱ', '乌尔善', '赵薇 周迅 陈坤', '在北冥以北的幽山之颠，有一座寒冰地狱，据说这是囚禁妖魔的地方，山顶的冰雪万年不化。这里，除了鸟雀，没有生灵来过。百余年前，一只狐妖被打入寒冰地狱，在酷寒之中受尽折磨，因为她用千年妖灵救了人的性命，坏了妖界的规矩。她说，她见过人间最美的东西。传言，“每逢日食之刻，昼夜混淆，阴阳颠倒，一片混沌，是为起死回生、人妖互变的唯一时刻。若妖想变身成人，必须有人自愿把心献给妖，妖灵融入此心，与人合为一体……这是 [展开] 一场东方新魔幻理念下打造的人性发现之旅！', '1', '1', '/TianRen/uploadMovie/9057941350925.jpg', '120', '2019-07-28 00:00:00', '3');
INSERT INTO `movie` VALUES ('38', '潜艇总动员2', '谭轶心', '动画明星', '《潜艇总动员2》是一部环球数码出品的最新科幻探险动画片，故事讲述了阿力和贝贝这对潜艇小搭档通过学习与帮助，经历了种种训练和磨砺之后，成长为更加富有经验的科研潜艇的故事。', '1', '8', '/TianRen/uploadMovie/9176648641656.jpg', '90', '2019-07-01 00:00:00', '3');
INSERT INTO `movie` VALUES ('39', '饥饿游戏', '加里．罗斯', '詹妮弗．劳伦斯 利亚姆．海姆斯沃斯 乔什．哈切森', '北美洲在一场大战后被摧毁，在美国原来的废墟上，人们建立了新的家园，但新政权规定：管辖下的12个地区每年都必须进贡少年男女，参加一档电视直播节目“饥饿游戏”（Hunger Game）。节目的规则很简单——杀人或者被杀。凯特尼斯．伊夫狄恩Katniss Everdeen（詹妮弗．劳伦斯 Jennifer Lawrence 饰）的妹妹不幸被选中，由于要保护妹妹，凯特尼斯自高奋勇要替妹妹上场 。尽管凯特尼 [展开] 斯自小就进行狩猎，拥有过人的弓箭技巧，对节目里的重重障碍都能应付自如，但她在比赛中要与残忍强壮的他区选手互相周旋，要想成为最后的赢家就必须成为一个没有人性的杀人机器，这对她是一个极大的考验。', '1', '3', '/TianRen/uploadMovie/9283193337142.jpg', '142', '2019-07-14 00:00:00', '1');
INSERT INTO `movie` VALUES ('40', '饥饿游戏', '加里．罗斯', '詹妮弗．劳伦斯 利亚姆．海姆斯沃斯 乔什．哈切森', '北美洲在一场大战后被摧毁，在美国原来的废墟上，人们建立了新的家园，但新政权规定：管辖下的12个地区每年都必须进贡少年男女，参加一档电视直播节目“饥饿游戏”（Hunger Game）。节目的规则很简单——杀人或者被杀。凯特尼斯．伊夫狄恩Katniss Everdeen（詹妮弗．劳伦斯 Jennifer Lawrence 饰）的妹妹不幸被选中，由于要保护妹妹，凯特尼斯自高奋勇要替妹妹上场 。尽管凯特尼 [展开] 斯自小就进行狩猎，拥有过人的弓箭技巧，对节目里的重重障碍都能应付自如，但她在比赛中要与残忍强壮的他区选手互相周旋，要想成为最后的赢家就必须成为一个没有人性的杀人机器，这对她是一个极大的考验。', '2', '3', '/TianRen/uploadMovie/9283193337142.jpg', '142', '2019-07-14 00:00:00', '1');
INSERT INTO `movie` VALUES ('41', '为你而来', '瞿友宁', '郑凯 夏如芝 冯源珍', '海峡西岸的宁州市，一个风光秀美、文化深厚的地方，有山川海岛、飞瀑奇石构成的神奇景观，还有古廊桥、古戏曲、古民居、古村镇和古老的佘族村寨。谢怡佳到宁州来，是为了替老人寻梦和还愿，在旅行中，她邂逅了当地摄影师林德，于是、在林德的陪同下，开始了宁州之旅。起初因为彼此身份、学养 、习性等差异，谢怡佳与林德两人互相感到别扭、甚至对立，但谢怡佳的故事感动了林德，他对她产生了尊敬，而谢怡佳也从林德的作品和性情中 [展开] 读出了天籁自然，品味到他的可爱，于是、两人在行走山水间渐成知音，但这次的旅程却因谢怡佳的突患重病戛然而止，谢怡佳为履行爱的诺言，在生命垂危之际再赴两人相遇的地方，而林德也用爱创造了奇迹，成为一个敢于担当的男人……', '1', '6', '/TianRen/uploadMovie/9488767993138.jpg', '101', '2019-07-31 00:00:00', '1');
INSERT INTO `movie` VALUES ('42', '热爱岛', '甘国亮', '吴镇宇 宋佳 任达华', '一个瑰丽的渡假小岛上，一群不同背景和身份的人，各自为了不同的理由和目的冲着这个美丽的地方而来，他们在卡卡湾这个地方，交织出不同的爱情、亲情和友情三段轻松幽默又扣人心弦的故事。 ', '1', '1', '/TianRen/uploadMovie/9619690162017.jpg', '94', '2019-07-01 00:00:00', '1');

-- ----------------------------
-- Table structure for `play`
-- ----------------------------
DROP TABLE IF EXISTS `play`;
CREATE TABLE `play` (
  `play_id` int(10) unsigned NOT NULL AUTO_INCREMENT,
  `play_movie` int(10) unsigned NOT NULL COMMENT '影片',
  `play_time` timestamp NOT NULL DEFAULT current_timestamp() COMMENT '放映时间',
  `play_price` double NOT NULL COMMENT '票价',
  PRIMARY KEY (`play_id`) USING BTREE,
  KEY `FK_play_movie` (`play_movie`) USING BTREE,
  CONSTRAINT `FK_play_movie` FOREIGN KEY (`play_movie`) REFERENCES `movie` (`movie_id`)
) ENGINE=InnoDB AUTO_INCREMENT=43 DEFAULT CHARSET=utf8 COMMENT='InnoDB free: 3072 kB; (`movieid`) REFER `tianren/movie`(`id`';

-- ----------------------------
-- Records of play
-- ----------------------------
INSERT INTO `play` VALUES ('1', '1', '2020-02-06 00:00:51', '100');
INSERT INTO `play` VALUES ('2', '2', '2020-02-05 02:00:51', '100');
INSERT INTO `play` VALUES ('3', '3', '2020-02-05 02:00:51', '100');
INSERT INTO `play` VALUES ('4', '4', '2020-02-06 00:00:51', '80');
INSERT INTO `play` VALUES ('5', '5', '2020-02-05 02:00:51', '80');
INSERT INTO `play` VALUES ('6', '6', '2020-02-06 00:00:51', '80');
INSERT INTO `play` VALUES ('7', '7', '2020-02-05 02:00:51', '80');
INSERT INTO `play` VALUES ('8', '8', '2020-02-06 00:00:51', '80');
INSERT INTO `play` VALUES ('9', '9', '2020-02-05 02:00:51', '80');
INSERT INTO `play` VALUES ('10', '10', '2020-02-06 00:00:51', '80');
INSERT INTO `play` VALUES ('11', '11', '2020-02-05 02:00:51', '80');
INSERT INTO `play` VALUES ('12', '12', '2020-02-06 00:00:51', '80');
INSERT INTO `play` VALUES ('13', '13', '2020-02-05 02:00:51', '80');
INSERT INTO `play` VALUES ('14', '14', '2020-02-06 00:00:51', '80');
INSERT INTO `play` VALUES ('15', '15', '2020-02-05 02:00:51', '80');
INSERT INTO `play` VALUES ('16', '16', '2020-02-06 00:00:51', '80');
INSERT INTO `play` VALUES ('17', '17', '2020-02-05 02:00:51', '80');
INSERT INTO `play` VALUES ('18', '18', '2020-02-06 00:00:51', '80');
INSERT INTO `play` VALUES ('19', '19', '2020-02-05 02:00:51', '80');
INSERT INTO `play` VALUES ('20', '20', '2020-02-06 00:00:51', '80');
INSERT INTO `play` VALUES ('21', '21', '2020-02-05 02:00:51', '80');
INSERT INTO `play` VALUES ('22', '22', '2020-02-06 00:00:51', '80');
INSERT INTO `play` VALUES ('23', '23', '2020-02-05 02:00:51', '80');
INSERT INTO `play` VALUES ('24', '24', '2020-02-06 00:00:51', '80');
INSERT INTO `play` VALUES ('25', '25', '2020-02-05 02:00:51', '80');
INSERT INTO `play` VALUES ('26', '26', '2020-02-05 02:00:51', '80');
INSERT INTO `play` VALUES ('27', '27', '2020-02-06 00:00:51', '80');
INSERT INTO `play` VALUES ('28', '28', '2020-02-05 02:00:51', '80');
INSERT INTO `play` VALUES ('29', '29', '2020-02-06 00:00:51', '80');
INSERT INTO `play` VALUES ('30', '30', '2020-02-05 02:00:51', '80');
INSERT INTO `play` VALUES ('31', '31', '2020-02-06 00:00:51', '80');
INSERT INTO `play` VALUES ('32', '32', '2020-02-05 02:00:51', '80');
INSERT INTO `play` VALUES ('33', '33', '2020-02-06 00:00:51', '80');
INSERT INTO `play` VALUES ('34', '34', '2020-02-05 02:00:51', '80');
INSERT INTO `play` VALUES ('35', '35', '2020-02-06 00:00:51', '80');
INSERT INTO `play` VALUES ('36', '36', '2020-02-05 02:00:51', '80');
INSERT INTO `play` VALUES ('37', '37', '2020-02-06 00:00:51', '80');
INSERT INTO `play` VALUES ('38', '38', '2020-02-05 02:00:51', '80');
INSERT INTO `play` VALUES ('39', '39', '2020-02-05 02:00:51', '80');
INSERT INTO `play` VALUES ('40', '40', '2020-02-06 00:00:51', '80');
INSERT INTO `play` VALUES ('41', '41', '2020-02-05 02:00:51', '80');
INSERT INTO `play` VALUES ('42', '42', '2020-02-06 00:00:51', '80');

-- ----------------------------
-- Table structure for `ticket`
-- ----------------------------
DROP TABLE IF EXISTS `ticket`;
CREATE TABLE `ticket` (
  `ticket_id` int(10) unsigned NOT NULL AUTO_INCREMENT,
  `ticket_play` int(10) unsigned NOT NULL COMMENT '场次',
  `ticket_member` int(10) unsigned NOT NULL COMMENT '观众',
  `ticket_code` varchar(45) NOT NULL COMMENT '订单号',
  `ticket_seat` int(10) unsigned NOT NULL COMMENT '座位',
  `ticket_price` double NOT NULL COMMENT '价钱',
  `ticket_date` timestamp NOT NULL DEFAULT current_timestamp() COMMENT '日期',
  `ticket_flag` tinyint(1) NOT NULL COMMENT 'true：已付款；false：已退票',
  PRIMARY KEY (`ticket_id`) USING BTREE,
  KEY `FK_ticket_play` (`ticket_play`) USING BTREE,
  KEY `FK_ticket_member` (`ticket_member`) USING BTREE,
  CONSTRAINT `FK_ticket_member` FOREIGN KEY (`ticket_member`) REFERENCES `member` (`member_id`),
  CONSTRAINT `FK_ticket_play` FOREIGN KEY (`ticket_play`) REFERENCES `play` (`play_id`)
) ENGINE=InnoDB AUTO_INCREMENT=59 DEFAULT CHARSET=utf8;

-- ----------------------------
-- Records of ticket
-- ----------------------------
INSERT INTO `ticket` VALUES ('2', '1', '1', '1020585291_12077850621517', '421', '100', '2019-07-21 18:18:46', '1');
INSERT INTO `ticket` VALUES ('3', '1', '1', '1020585291_13579284969179', '422', '100', '2019-07-21 18:43:48', '1');
INSERT INTO `ticket` VALUES ('4', '1', '1', '1020585291_13579284969179', '423', '100', '2019-07-21 18:43:48', '1');
INSERT INTO `ticket` VALUES ('5', '1', '1', '1020585291_13579284969179', '424', '100', '2019-07-21 18:43:48', '1');
INSERT INTO `ticket` VALUES ('6', '1', '1', '1020585291_13579284969179', '425', '100', '2019-07-21 18:43:48', '1');
INSERT INTO `ticket` VALUES ('7', '4', '1', '1020585291_11601233624105', '1', '80', '2019-07-22 00:13:55', '0');
INSERT INTO `ticket` VALUES ('8', '4', '1', '1020585291_11601233624105', '2', '80', '2019-07-22 00:13:55', '1');
INSERT INTO `ticket` VALUES ('9', '4', '1', '1020585291_11601233624105', '3', '80', '2019-07-22 00:13:55', '1');
INSERT INTO `ticket` VALUES ('10', '4', '1', '1020585291_11601233624105', '4', '80', '2019-07-22 00:13:55', '1');
INSERT INTO `ticket` VALUES ('11', '3', '1', '1020585291_20968980988645', '27', '100', '2019-07-23 02:29:05', '1');
INSERT INTO `ticket` VALUES ('12', '3', '1', '1020585291_20968980988645', '28', '100', '2019-07-23 02:29:05', '1');
INSERT INTO `ticket` VALUES ('13', '3', '1', '1020585291_20968980988645', '29', '100', '2019-07-23 02:29:05', '1');
INSERT INTO `ticket` VALUES ('14', '3', '1', '1020585291_20968980988645', '30', '100', '2019-07-23 02:29:05', '1');
INSERT INTO `ticket` VALUES ('15', '3', '1', '1020585291_21024796630018', '57', '100', '2019-07-23 02:30:01', '1');
INSERT INTO `ticket` VALUES ('16', '3', '1', '1020585291_21024796630018', '58', '100', '2019-07-23 02:30:01', '1');
INSERT INTO `ticket` VALUES ('17', '3', '1', '1020585291_21024796630018', '59', '100', '2019-07-23 02:30:01', '1');
INSERT INTO `ticket` VALUES ('18', '3', '1', '1020585291_21024796630018', '60', '100', '2019-07-23 02:30:01', '1');
INSERT INTO `ticket` VALUES ('19', '3', '1', '1020585291_21087531826810', '87', '100', '2019-07-23 02:31:04', '1');
INSERT INTO `ticket` VALUES ('20', '3', '1', '1020585291_21087531826810', '88', '100', '2019-07-23 02:31:04', '1');
INSERT INTO `ticket` VALUES ('21', '3', '1', '1020585291_21087531826810', '89', '100', '2019-07-23 02:31:04', '1');
INSERT INTO `ticket` VALUES ('22', '3', '1', '1020585291_21087531826810', '90', '100', '2019-07-23 02:31:04', '1');
INSERT INTO `ticket` VALUES ('23', '3', '1', '1020585291_21154468709291', '117', '100', '2019-07-23 02:32:11', '1');
INSERT INTO `ticket` VALUES ('24', '3', '1', '1020585291_21154468709291', '118', '100', '2019-07-23 02:32:11', '1');
INSERT INTO `ticket` VALUES ('25', '3', '1', '1020585291_21154468709291', '119', '100', '2019-07-23 02:32:11', '1');
INSERT INTO `ticket` VALUES ('26', '3', '1', '1020585291_21154468709291', '120', '100', '2019-07-23 02:32:11', '1');
INSERT INTO `ticket` VALUES ('27', '3', '1', '1020585291_21367258571969', '147', '100', '2019-07-23 02:35:43', '1');
INSERT INTO `ticket` VALUES ('28', '3', '1', '1020585291_21367258571969', '148', '100', '2019-07-23 02:35:43', '1');
INSERT INTO `ticket` VALUES ('29', '3', '1', '1020585291_21367258571969', '149', '100', '2019-07-23 02:35:43', '1');
INSERT INTO `ticket` VALUES ('30', '3', '1', '1020585291_21367258571969', '150', '100', '2019-07-23 02:35:43', '0');
INSERT INTO `ticket` VALUES ('31', '3', '1', '1020585291_21499398559034', '150', '100', '2019-07-23 02:37:56', '1');
INSERT INTO `ticket` VALUES ('32', '1', '1', '1020585291_3500348393720', '360', '100', '2019-07-23 17:42:07', '1');
INSERT INTO `ticket` VALUES ('33', '1', '1', '1020585291_3500348393720', '390', '100', '2019-07-23 17:42:07', '1');
INSERT INTO `ticket` VALUES ('34', '1', '1', '1020585291_3500348393720', '420', '100', '2019-07-23 17:42:07', '1');
INSERT INTO `ticket` VALUES ('35', '1', '1', '1020585291_3500348393720', '450', '100', '2019-07-23 17:42:07', '1');
INSERT INTO `ticket` VALUES ('36', '1', '1', '1020585291_3569177856403', '356', '100', '2019-07-23 17:43:16', '1');
INSERT INTO `ticket` VALUES ('37', '1', '1', '1020585291_3569177856403', '387', '100', '2019-07-23 17:43:16', '1');
INSERT INTO `ticket` VALUES ('38', '1', '1', '1020585291_3569177856403', '418', '100', '2019-07-23 17:43:16', '1');
INSERT INTO `ticket` VALUES ('39', '1', '1', '1020585291_3569177856403', '449', '100', '2019-07-23 17:43:16', '1');
INSERT INTO `ticket` VALUES ('40', '1', '1', '1020585291_3846861597214', '359', '100', '2019-07-23 17:47:54', '1');
INSERT INTO `ticket` VALUES ('41', '1', '1', '1020585291_3846861597214', '388', '100', '2019-07-23 17:47:54', '1');
INSERT INTO `ticket` VALUES ('42', '1', '1', '1020585291_3846861597214', '417', '100', '2019-07-23 17:47:54', '1');
INSERT INTO `ticket` VALUES ('43', '1', '1', '1020585291_3846861597214', '446', '100', '2019-07-23 17:47:54', '1');
INSERT INTO `ticket` VALUES ('44', '1', '1', '1020585291_4882201047619', '354', '100', '2019-07-23 18:05:09', '1');
INSERT INTO `ticket` VALUES ('45', '1', '1', '1020585291_4882201047619', '384', '100', '2019-07-23 18:05:09', '1');
INSERT INTO `ticket` VALUES ('46', '1', '1', '1020585291_4882201047619', '414', '100', '2019-07-23 18:05:09', '1');
INSERT INTO `ticket` VALUES ('47', '1', '1', '1020585291_4882201047619', '444', '100', '2019-07-23 18:05:09', '1');
INSERT INTO `ticket` VALUES ('48', '1', '1', '1020585291_5066487059668', '352', '100', '2019-07-23 18:08:13', '1');
INSERT INTO `ticket` VALUES ('49', '1', '1', '1020585291_5066487059668', '382', '100', '2019-07-23 18:08:13', '1');
INSERT INTO `ticket` VALUES ('50', '1', '1', '1020585291_5066487059668', '412', '100', '2019-07-23 18:08:13', '1');
INSERT INTO `ticket` VALUES ('51', '1', '1', '1020585291_5066487059668', '442', '100', '2019-07-23 18:08:13', '1');
INSERT INTO `ticket` VALUES ('57', '3', '1', '123456_77864569981000', '167', '100', '2019-07-09 19:43:03', '1');
INSERT INTO `ticket` VALUES ('58', '3', '1', '123456_77864569981000', '230', '100', '2019-07-09 19:43:55', '1');
